name,message,images,video
Synn,"Sien ee, thank you for always showing a great example of an intelligent , kindness and disciplined aunt/mentor/role model to me! Forever thankful to be your favorite niece 😜😜😜have a blessed birthday, wishing you health and happiness and more mountains to conquer!!! Hugs and kisses from Ah Synn and Ryan ❤️❤️❤️",synn-1.jpeg|synn-2.jpeg|synn-3.jpeg|synn-4.jpeg|synn-5.jpeg,
Soo,Happy Birthday.joyce. 생일 축하해요. 조이스. 친구가 되어 정말 행복해요. 건강하고 항상 행복하길 바래요^^,soo-1.jpeg|soo-2.jpeg,
Pat & Pauline,"Wishing our dearest Joyce a very happy and blessed birthday. May you always be blessed with good health surrounded by lots of peace, love and happiness. Cheers, Pauline and Pat",pat.jpeg,
Sawhiong,有你真好 ！😀我们一起变老 😁😆😉 ！,sawhiong-1.jpeg|sawhiong-2.jpeg|sawhiong-3.jpeg|sawhiong-4.jpeg|sawhiong-5.jpeg|sawhiong-6.jpeg|sawhiong-7.jpeg,
Sharon,"Happy 60th Birthday!
Wishing you many more wonderful years ahead and good health always!

I am so glad we got to know each other better over the last five years. Even though it feels like just yesterday, we have shared so many fun outings and activities, and I have loved every minute of it. You are one of my favorite people to swap gossip and ""news"" with.... Lol. I truly cherish our bond and hope we keep this amazing friendship going for a very long time.",sharon-1.jpeg|sharon-2.jpeg|sharon-3.jpeg|sharon-4.jpeg,
Evelyn,"Dearest Joyce , you have reached your 60th birthday milestone!! 🌹🥂🌹 Here’s wishing you all the joy, love and laughter your heart can hold ❣️💞❣️and many more wonderful years to come.. 👵🏻👵🏻👵🏻 Have a great celebration!!!",,
Doreen,"Happy 60th Birthday my dear friend. May this new chapter of your life bring you good health , happiness and peace. May your days be filled with love , laughters and beautiful moments.

With love ,
Doreen",,
Angie,"Happy 60th Birthday my dear friend. May this new chapter of your life bring you good health , happiness and peace. May your days be filled with love , laughters and beautiful moments.

With love ,
Doreen",angie.jpeg,
Elaine,"My love, HAPPY BLESSED BIG 60 birthday and many more wonderful years to come.
Always…. your 🥰🥰🥰",,elaine.mp4
Sherlyn,,,shereen.mp4
Yuki,,,yuki.mp4
Jonick,,,jonick.mp4
Friend,,,friend.mp4
Shereen,,,shereentan.mp4
Piew,,,piew.mp4
Xin Jie,,,xinjie.mp4
Ming Xue,,,mingxue.mp4
Vicky,"Happy Birthday Joyce ! Wishing you a wonderful year ahead filled with happiness, good health and lots of fun! 🥳🎂❤️

Another year older, but definitely not  an excuse to get weaker! 😂💪
I really enjoy training you — always good vibes, lots of laughs, and of course, a little suffering along the way! 😂💪
Keep showing up, keep putting in the work, and let’s get you fitter, stronger , more PBs and more gains , and hopefully fewer complains during training 🤣🤣😜",vicky.jpeg,
Yong,,yong-1.jpeg|yong-2.jpeg|yong-3.jpeg|yong-4.jpeg,
Hans,"Happy birthday aunty! Best wishes to you, stay youthful and healthy!",,
Wei Liang,"Dearest Aunty wishing you the happiest 60th birthday! May you be blessed with a joyous, healthy and prosperous year ahead! 

Thank you for all the hospitality you’ve showered on me whenever I’m in Penang! Looking forward to catching up with yall again soon",,
